INSERT INTO aluno VALUES (11232,'João Guanabara','1992-01-10'),(12312,'Maria da Silva','1964-12-30'),(12345,'Expedito Vidal','2000-02-01'),(15313,'Tina Lopes','1998-08-14'),(16540,'Anderson Souza','1964-06-28'),(19459,'Ana Martins','1982-01-17'),(26288,'Thiago Gomes','1974-02-18'),(30015,'Ana Maria','1995-03-19'),(36280,'Antonio Dias','1999-04-18'),(43221,'Carlos Gomes','2002-06-05'),(46815,'Joana Arruda','1957-05-04'),(47734,'Isabel Silva','1989-08-10'),(62849,'Neide Carvalho','1993-07-11'),(66335,'Andrea Soares','1998-09-12'),(67952,'Hugo Souza','1968-10-29'),(68507,'Isabela Gomes','2000-11-25'),(69887,'Luiza Silva','1996-12-19'),(71262,'Robson Souza','1976-06-23'),(75053,'Josefina Costa','2004-05-22'),(81396,'Leandro José','1991-04-21'),(93441,'Fernando Lima','1968-03-20'),(95268,'Roberto Santos','1963-02-01'),(101991,'Pedro Rocha','1984-04-02'),(104233,'Maria Lourdes','1986-01-03'),(104737,'Marcela Fernandes','1987-07-04'),(106567,'Marcelo Alves','1997-09-05');
INSERT INTO curso VALUES (1,'Engenharia de Software'),(2,'Engenharia Civil');
INSERT INTO professor VALUES ('01111169753','Antonio Vieira'),('00011122233','Girafales'),('01111204103','José Carlos'),('01111125345','Maria Barbosa'),('01111208143','Rosângela Gomes');
INSERT INTO disciplina VALUES (10,'Banco de Dados',5,'00011122233'),(12,'Sistemas Operacionais',4,'00011122233'),(14,'Algoritmos',8,'01111204103'),(15,'Trabalho de conclusão de Curso',2,'01111125345'),(16,'Cálculo I',4,'01111208143');
INSERT INTO curso_disciplina VALUES (1,10),(1,12),(1,14),(1,15),(1,16);
INSERT INTO aluno_disciplina VALUES (11232,10,2021,1,10.00),(11232,12,2021,2,10.00),(11232,14,2021,1,10.00),(11232,15,2021,2,10.00),(12312,10,2021,1,7.50),(12312,12,2021,2,7.50),(12312,14,2021,1,7.50),(12312,15,2021,2,7.50),(12345,10,2021,1,8.00),(12345,12,2021,2,8.00),(12345,14,2021,1,8.00),(12345,15,2021,2,8.00),(15313,10,2021,1,8.20),(15313,12,2021,2,8.20),(15313,14,2021,1,8.20),(15313,15,2021,2,8.20),(16540,10,2021,1,6.00),(16540,12,2021,2,6.00),(16540,14,2021,1,6.00),(16540,15,2021,2,6.00),(19459,10,2021,1,6.50),(19459,12,2021,2,6.50),(19459,14,2021,1,6.50),(19459,15,2021,2,6.50),(26288,10,2021,1,5.00),(26288,12,2021,2,5.00),(26288,14,2021,1,5.00),(26288,15,2021,2,5.00),(30015,10,2021,1,7.20),(30015,12,2021,2,7.20),(30015,14,2021,1,7.20),(30015,15,2021,2,7.20),(36280,10,2021,1,8.90),(36280,12,2021,2,8.90),(36280,14,2021,1,8.90),(36280,15,2021,2,8.90),(43221,10,2021,1,9.50),(43221,12,2021,2,9.50),(43221,14,2021,1,9.50),(43221,15,2021,2,9.50),(46815,10,2021,1,7.70),(46815,12,2021,2,7.70),(46815,14,2021,1,7.70),(46815,15,2021,2,7.70),(47734,10,2021,1,6.50),(47734,12,2021,2,6.50),(47734,14,2021,1,6.50),(47734,15,2021,2,6.50),(62849,10,2021,1,6.20),(62849,12,2021,2,6.20),(62849,14,2021,1,6.20),(62849,15,2021,2,6.20),(66335,10,2021,1,6.00),(66335,12,2021,2,6.00),(66335,14,2021,1,6.00),(66335,15,2021,2,6.00),(67952,10,2021,1,5.50),(67952,12,2021,2,5.50),(67952,14,2021,1,5.50),(67952,15,2021,2,5.50),(68507,10,2021,1,8.90),(68507,12,2021,2,8.90),(68507,14,2021,1,8.90),(68507,15,2021,2,8.90),(69887,10,2021,1,7.90),(69887,12,2021,2,7.90),(69887,14,2021,1,7.90),(69887,15,2021,2,7.90),(71262,10,2021,1,9.60),(71262,12,2021,2,9.60),(71262,14,2021,1,9.60),(71262,15,2021,2,9.60),(75053,10,2021,1,7.00),(75053,12,2021,2,7.00),(75053,14,2021,1,7.00),(75053,15,2021,2,7.00),(81396,10,2021,1,7.10),(81396,12,2021,2,7.10),(81396,14,2021,1,7.10),(81396,15,2021,2,7.10),(93441,10,2021,1,7.80),(93441,12,2021,2,7.80),(93441,14,2021,1,7.80),(93441,15,2021,2,7.80),(95268,10,2021,1,6.50),(95268,12,2021,2,6.50),(95268,14,2021,1,6.50),(95268,15,2021,2,6.50),(101991,10,2021,1,6.10),(101991,12,2021,2,6.10),(101991,14,2021,1,6.10),(101991,15,2021,2,6.10),(104233,10,2021,1,6.70),(104233,12,2021,2,6.70),(104233,14,2021,1,6.70),(104233,15,2021,2,6.70),(104737,10,2021,1,7.00),(104737,12,2021,2,7.00),(104737,14,2021,1,7.00),(104737,15,2021,2,7.00),(106567,10,2021,1,8.00),(106567,12,2021,2,8.00),(106567,14,2021,1,8.00),(106567,15,2021,2,8.00),(106567,16,2021,1,9.00);
INSERT INTO aluno_curso VALUES (11232,1,'2022-01-20 00:00:00'),(12312,1,'2022-01-18 00:00:00'),(12345,1,'2022-01-19 00:00:00'),(15313,1,'2022-01-15 00:00:00'),(16540,1,'2022-01-17 00:00:00'),(19459,1,'2022-01-21 00:00:00'),(26288,1,'2022-01-25 00:00:00'),(30015,1,'2022-01-20 00:00:00'),(36280,1,'2022-01-20 00:00:00'),(43221,1,'2022-01-24 00:00:00'),(46815,1,'2022-01-18 00:00:00'),(47734,1,'2022-01-19 00:00:00'),(62849,1,'2022-01-25 00:00:00'),(66335,1,'2022-01-22 00:00:00'),(67952,1,'2022-01-22 00:00:00'),(68507,1,'2022-01-23 00:00:00'),(69887,1,'2022-01-23 00:00:00'),(71262,1,'2022-01-24 00:00:00'),(75053,1,'2022-01-25 00:00:00'),(81396,1,'2022-01-25 00:00:00'),(93441,1,'2022-01-25 00:00:00'),(95268,1,'2022-01-25 00:00:00'),(101991,1,'2022-01-22 00:00:00'),(104233,1,'2022-01-21 00:00:00'),(104737,1,'2022-01-22 00:00:00'),(106567,1,'2022-01-20 00:00:00');